"","URL","Date","Thirty_Views_Organic","Thirty_Views_Paid","Thirty_Views_Total","Complete_Views_Organic","Complete_Views_Paid","Complete_Views_Total","Views_Organic","Views_Paid","Views_Total","Shares","Reaches","Fan_Reaches","Likes","Comments","Negative_Feedback","Targeted","Repost","Bug","Days_since_first_post","ratio_thirty_views_anyviews","reaches_per_fanreach","virality","shares_per_reach","likes_per_reach","comments_per_reach","neg_feedback_per_reach","views_per_reach","thirty_views_per_reach","thirty_views_residuals"
"1","https://www.facebook.com/Upworthy/posts/1080191502021707",2015-08-26,55403,0,55403,24419,0,24419,191795,0,191795,3845,858774,532628,8715,1455,128,"No","No","No",231,0.288865715998853,1.6123335611346,0.6123335611346,0.00447731300668162,0.0101481879982394,0.00169427579316561,0.000149049691769895,0.223335825257868,0.0645140630713086,-6672.07734103354
"2","https://www.facebook.com/Upworthy/posts/1080271768680347",2015-08-26,15785,0,15785,7283,0,7283,83607,0,83607,1116,323386,263755,1826,241,75,"Yes","No","No",231,0.188799980862846,1.22608481355804,0.226084813558037,0.00345098427266486,0.0056465029407581,0.000745239435226015,0.000231920986066187,0.258536238427143,0.0488116368673969,135202.108877557
"3","https://www.facebook.com/Upworthy/posts/1079606372080220",2015-08-25,144514,2659,147173,107161,1869,109030,473073,9387,482460,4077,2257703,1195473,8643,1409,449,"No","Yes","No",230,0.305047050532687,1.88854369776649,0.888543697766491,0.00180581768283959,0.00382822718488659,0.000624085630395141,0.000198874696981844,0.21369506972352,0.0651870507325366,-108127.651257703
"4","https://www.facebook.com/Upworthy/posts/1079482112092646",2015-08-25,53143,0,53143,18011,0,18011,267342,0,267342,2381,1581936,574036,5874,615,227,"Yes","No","No",230,0.198782832476753,2.75581322425771,1.75581322425771,0.00150511777973319,0.00371317170858998,0.000388764147222138,0.000143495059218578,0.1689967230027,0.033593647277766,-426687.022841773
"5","https://www.facebook.com/Upworthy/posts/1078687965505394",2015-08-24,49627,0,49627,26968,0,26968,241312,0,241312,4108,1241146,611943,13081,1166,230,"No","Yes","No",229,0.205654919771914,2.02820524133784,1.02820524133784,0.00330984428906833,0.0105394530538712,0.000939454343002354,0.000185312606252608,0.194426763652302,0.039984820480427,-159427.151811525
"6","https://www.facebook.com/Upworthy/posts/1078796085494582",2015-08-24,12482,0,12482,5146,0,5146,80868,0,80868,1016,526931,404789,1249,168,100,"No","No","No",229,0.154350299253104,1.30174238924477,0.301742389244767,0.0019281461899186,0.00237032932205545,0.000318827322742446,0.000189778168299075,0.153469809140096,0.0236881109670906,107412.097779337
"8","https://www.facebook.com/Upworthy/posts/1076783459029178",2015-08-21,58605,0,58605,24988,0,24988,271371,0,271371,3790,1026142,620513,6855,731,248,"Yes","No","No",226,0.215958963927612,1.65369943901256,0.653699439012559,0.0036934459363324,0.00668036197719224,0.000712377039435088,0.000241681950451302,0.264457550709356,0.0571119786540264,-21866.3020420201
"10","https://www.facebook.com/Upworthy/posts/1075727295801461",2015-08-20,54274,0,54274,27222,0,27222,230839,0,230839,4221,1414151,686252,6515,678,212,"No","No","No",225,0.235116249853794,2.06068761912534,1.06068761912534,0.00298482976711822,0.00460700448537674,0.000479439607227234,0.00014991326951648,0.163235043499598,0.0383792112723464,-171358.351443785
"11","https://www.facebook.com/Upworthy/posts/1075879839119540",2015-08-20,139160,0,139160,49532,0,49532,721376,0,721376,26488,2562220,549871,37599,8421,801,"Yes","No","No",225,0.192909107039879,4.65967472370792,3.65967472370792,0.0103379100935907,0.0146743839326834,0.00328660302394018,0.000312619525255443,0.281543349126929,0.0543122760730929,-1126000.10178933
"12","https://www.facebook.com/Upworthy/posts/1075049969202527",2015-08-19,170403,8326,178729,100857,3987,104844,528144,31085,559229,4971,2787208,1091995,19802,1422,386,"No","No","No",224,0.319598947837111,2.55239996520131,1.55239996520131,0.00178350521381971,0.00710460073306334,0.000510187973054038,0.00013848984359976,0.200641286907902,0.0641247441884495,-351970.688417987
"13","https://www.facebook.com/Upworthy/posts/1074393505934840",2015-08-18,351786,51940,403726,168724,19559,188283,1167806,227582,1395388,21781,6481725,1591262,39767,3929,868,"No","No","No",223,0.289328846170384,4.07332356331013,3.07332356331013,0.00336037088892232,0.00613524948991202,0.00060616579691363,0.000133914968623322,0.215280345895576,0.0622868140811281,-910625.698010133
"14","https://www.facebook.com/Upworthy/posts/1073811245993066",2015-08-17,60523,2076,62599,18678,541,19219,301467,13910,315377,10791,1165234,500942,13461,3373,353,"Yes","No","No",222,0.198489426939821,2.32608565462668,1.32608565462668,0.00926080083485377,0.0115521860845118,0.00289469754572901,0.000302943443119579,0.270655507820747,0.0537222566454463,-268842.500057891
"15","https://www.facebook.com/Upworthy/posts/1073670049340519",2015-08-17,39853,1425,41278,18369,582,18951,206664,10139,216803,3396,1601031,721937,6251,479,210,"No","Yes","No",222,0.190394044362855,2.21768797000292,1.21768797000292,0.0021211331947976,0.00390435912858652,0.000299182214460557,0.000131165480243668,0.135414617206038,0.0257821366357054,-229026.621325684
"16","https://www.facebook.com/Upworthy/posts/1071789046195286",2015-08-14,23689,0,23689,11056,0,11056,129080,0,129080,5273,536617,222036,12421,1535,136,"Yes","No","No",219,0.183521846916641,2.41680177989155,1.41680177989155,0.00982637523596904,0.0231468626599605,0.00286051317792765,0.000253439604037889,0.240544000655961,0.0441450792650997,-302163.712177305
"17","https://www.facebook.com/Upworthy/posts/1071272436246947",2015-08-13,86714,0,86714,51645,0,51645,359623,0,359623,5536,1576727,835892,17282,1060,270,"No","Yes","No",218,0.241124733401368,1.88628076354362,0.886280763543616,0.00351107071801269,0.0109606799401545,0.00067227871407035,0.000171240804527353,0.228081969802001,0.0549962041621663,-107296.446099496
"18","https://www.facebook.com/Upworthy/posts/1071213746252816",2015-08-13,97933,0,97933,40990,0,40990,297860,0,297860,5487,855780,185500,23080,1766,220,"Yes","No","No",218,0.328788692674411,4.6133692722372,3.6133692722372,0.0064116945944051,0.0269695482483816,0.0020636144803571,0.000257075416579027,0.348056743555587,0.114437121690154,-1108991.50749326
"19","https://www.facebook.com/Upworthy/posts/1070600086314182",2015-08-12,89666,0,89666,51196,0,51196,345876,0,345876,7201,2054825,740565,18280,2602,228,"No","Yes","No",217,0.25924319698389,2.77467204094171,1.77467204094171,0.00350443468421885,0.00889613470733517,0.0012662878833964,0.000110958354117747,0.168323823196623,0.0436368060540435,-433614.111374424
"20","https://www.facebook.com/Upworthy/posts/1069489579758566",2015-08-11,7068,0,7068,4021,0,4021,23755,0,23755,849,143604,75045,859,104,27,"Yes","No","No",216,0.297537360555672,1.91357185688587,0.913571856885869,0.00591209158519261,0.0059817275284811,0.000724213810200273,0.000188017046878917,0.165420183281803,0.0492186847163032,-117320.819468319
"21","https://www.facebook.com/Upworthy/posts/1069764389731085",2015-08-11,43241,0,43241,8842,0,8842,250562,0,250562,5557,1969815,792242,12610,2105,266,"No","Yes","No",216,0.172576049041754,2.48638042416332,1.48638042416332,0.00282107710622571,0.0064016163954483,0.00106862827219815,0.00013503806194998,0.127200777738011,0.0219518076570642,-327720.852740703
"22","https://www.facebook.com/Upworthy/posts/1068937383147119",2015-08-10,60118,0,60118,13249,0,13249,179414,0,179414,2456,571167,266973,9483,593,139,"Yes","No","No",215,0.335079759662011,2.13941859289142,1.13941859289142,0.00429996831049413,0.0166028499545667,0.00103822524760709,0.000243361398680246,0.31411828764617,0.105254680329921,-200277.261610725
"23","https://www.facebook.com/Upworthy/posts/1069225066451684",2015-08-10,7424,0,7424,3540,0,3540,37150,0,37150,562,130880,45533,1224,493,26,"Yes","No","No",215,0.199838492597577,2.87439878769244,1.87439878769244,0.0042940097799511,0.0093520782396088,0.00376680929095355,0.000198655256723716,0.283847799511002,0.0567237163814181,-470245.041903674
"24","https://www.facebook.com/Upworthy/posts/1067257579981766",2015-08-07,29614,0,29614,7253,0,7253,95664,0,95664,744,615609,302794,1423,193,132,"Yes","No","No",212,0.30956263589229,2.03309510756488,1.03309510756488,0.00120855932905464,0.00231153215758704,0.000313510686166057,0.000214421816445179,0.155397338245542,0.0481052096379358,-161223.263244978
"25","https://www.facebook.com/Upworthy/posts/1066718043369053",2015-08-06,40326,0,40326,11759,0,11759,166289,0,166289,3411,632894,426072,6978,596,166,"Yes","No","No",211,0.242505517502661,1.48541561050714,0.485415610507144,0.0053895281042323,0.0110255429819211,0.00094170587807753,0.000262287207652466,0.262743840200729,0.0637168309385142,39946.5358577892
"28","https://www.facebook.com/Upworthy/posts/1066099150097609",2015-08-05,58065,0,58065,21948,0,21948,199916,0,199916,3653,656581,379570,8147,1464,149,"Yes","No","No",210,0.290446987734849,1.72980214453197,0.72980214453197,0.00556366998131228,0.0124082177218043,0.00222973250825108,0.000226933158285116,0.304480330682734,0.0884353948713106,-49819.8151144716
"29","https://www.facebook.com/Upworthy/posts/1065387390168785",2015-08-04,148826,0,148826,64814,0,64814,480814,0,480814,6451,1303406,661765,21388,1745,381,"Yes","No","No",209,0.309529256635622,1.96959041351537,0.969590413515372,0.00494934042040623,0.0164093152862577,0.00133880003621281,0.000292311068078557,0.36889043014993,0.114182380624303,-137897.163559572
"30","https://www.facebook.com/Upworthy/posts/1065408503500007",2015-08-04,19526,0,19526,6443,0,6443,111102,0,111102,2262,620699,288218,6715,443,90,"Yes","No","No",209,0.175748411369732,2.15357472468756,1.15357472468756,0.00364427846669642,0.0108184482333627,0.000713711476899431,0.000144997816977311,0.178994971797925,0.0314580819366553,-205476.992849163
"32","https://www.facebook.com/Upworthy/posts/1062324930475031",2015-07-31,66164,0,66164,44299,0,44299,274210,0,274210,3214,1962358,940148,17903,1047,820,"Yes","Yes","No",205,0.241289522628642,2.0872862570574,1.0872862570574,0.00163782551399897,0.00912320789580698,0.000533541790030158,0.00041786463020509,0.139734951522607,0.0337165797474263,-181128.376938525
"33","https://www.facebook.com/Upworthy/posts/1061745950532929",2015-07-30,33221,0,33221,17257,0,17257,230565,0,230565,7975,830979,310124,21125,2102,756,"Yes","No","No",204,0.144085182052783,2.679505617108,1.679505617108,0.00959711376581117,0.0254218217307537,0.00252954647470032,0.000909770283003542,0.277461885318402,0.0399781462588104,-398658.246736789
"34","https://www.facebook.com/Upworthy/posts/1060065454034312",2015-07-27,48684,0,48684,22818,0,22818,232721,0,232721,2765,707072,478719,7356,896,399,"Yes","No","No",201,0.209194700950924,1.47700843292203,0.477008432922027,0.0039104928493845,0.0104034666908038,0.00126719768283852,0.00056429896813903,0.329133383870384,0.0688529598117306,43034.6014781113
"35","https://www.facebook.com/Upworthy/posts/1057673537606837",2015-07-23,141845,0,141845,103231,0,103231,646775,0,646775,2804,1688034,999424,17094,1459,707,"Yes","No","No",197,0.219311197866337,1.68900686795594,0.689006867955943,0.00166110398250272,0.0101265732799221,0.000864319083620354,0.000418830426401364,0.383152827490442,0.0840297055628026,-34835.1796895012
"36","https://www.facebook.com/Upworthy/posts/1055990941108430",2015-07-21,434029,2,434031,204355,2,204357,1663668,3,1663671,29691,5352206,1579037,95009,9244,2597,"Yes","No","No",195,0.260887519227059,3.38953805388981,2.38953805388981,0.00554743221766875,0.0177513720510758,0.00172713830521471,0.000485220486655409,0.310838372065649,0.0810938517687847,-659462.391188427
"37","https://www.facebook.com/Upworthy/posts/1052745514766306",2015-07-17,304538,0,304538,188517,0,188517,848091,0,848091,7706,3067904,1731584,13472,1691,1384,"Yes","No","No",191,0.359086465957073,1.77173270254287,0.771732702542874,0.00251181262516689,0.00439127169559413,0.000551190650033378,0.000451122329773031,0.276439875563251,0.0992658179656208,-65221.4541691306
"38","https://www.facebook.com/Upworthy/posts/1052328791474645",2015-07-15,109002,2,109004,97287,2,97289,261283,2,261285,679,1681920,1289728,3102,466,654,"Yes","No","No",189,0.417184300667853,1.30408892417626,0.30408892417626,0.000403705289193303,0.00184432077625571,0.000277064307458143,0.000388841324200913,0.155349243721461,0.0648092656012176,106550.184994045
"39","https://www.facebook.com/Upworthy/posts/1051147764926081",2015-07-13,10055,0,10055,6143,0,6143,51409,0,51409,164,692992,466432,1102,118,347,"Yes","No","No",187,0.19558832111109,1.48572996706915,0.485729967069155,0.000236654968599926,0.00159020594754341,0.000170276135943849,0.000500727281123014,0.0741841175655707,0.0145095470077577,39831.0686059276
"40","https://www.facebook.com/Upworthy/posts/1048906281816896",2015-07-10,656750,0,656750,310461,0,310461,2483531,0,2483531,35613,6282325,1207945,79356,14088,2306,"Yes","No","No",184,0.264442038371979,5.20083695863636,4.20083695863636,0.00566876116724302,0.0126316292137067,0.00224248188369752,0.000367061557623969,0.395320363082139,0.104539322623392,-1324776.0257876
"41","https://www.facebook.com/Upworthy/posts/1047639465276911",2015-07-09,81157,0,81157,22687,0,22687,443805,0,443805,4370,1692160,1096192,8847,1721,889,"Yes","No","No",183,0.182866348959566,1.5436711816908,0.543671181690799,0.00258249810892587,0.00522822900907716,0.00101704330559758,0.000525364031770045,0.26227129822239,0.0479605947428139,18548.5072396077
"42","https://www.facebook.com/Upworthy/posts/1048399345200923",2015-07-08,524530,0,524530,155450,0,155450,1286196,0,1286196,22965,4147554,1369088,54638,4861,1747,"Yes","No","No",182,0.407814983097444,3.02942834938295,2.02942834938295,0.00553699843329345,0.013173547589736,0.00117201608466098,0.000421212116828376,0.310109524794614,0.126467310612472,-527189.415296898
"43","https://www.facebook.com/Upworthy/posts/1042745782432946",2015-07-08,154601,0,154601,70297,0,70297,553739,0,553739,11458,3254272,1134592,28234,4633,1304,"No","No","No",182,0.279194710865588,2.86823104693141,1.86823104693141,0.00352091036028949,0.00867598037287602,0.0014236671058842,0.000400704059156702,0.170157565194305,0.0475070922160164,-467979.550541516
"44","https://www.facebook.com/Upworthy/posts/1046922968681894",2015-07-07,67041,0,67041,28333,0,28333,356135,0,356135,4923,1945600,1020928,10113,1220,1236,"Yes","No","No",181,0.1882460302975,1.90571715145436,0.905717151454363,0.00253032483552632,0.00519788240131579,0.000627055921052632,0.000635279605263158,0.183046361019737,0.0344577508223684,-114435.684052157
"45","https://www.facebook.com/Upworthy/posts/1046676715373186",2015-07-06,485237,0,485237,268097,0,268097,1952042,0,1952042,29762,5162345,1990656,122328,6664,3546,"Yes","No","No",180,0.248579180161083,2.59328834313915,1.59328834313915,0.0057652094154885,0.0236962078280316,0.00129088621546991,0.000686897136863189,0.378130868820275,0.0939954613649417,-366989.521183469
"46","https://www.facebook.com/Upworthy/posts/1042972302410294",2015-07-01,1074950,25370,1100320,483153,10119,493272,4478801,118721,4597522,90227,14072608,2509268,261119,44693,9941,"Yes","No","No",175,0.23932892545158,5.60825228712118,4.60825228712118,0.00641153366881249,0.018555124963333,0.00317588609019735,0.000706407795911035,0.326700068672417,0.0781887763803269,-1474424.97233934
"47","https://www.facebook.com/Upworthy/posts/1042774119096779",2015-06-30,397070,0,397070,102412,0,102412,895210,0,895210,15339,4397056,1546240,15732,7924,1575,"Yes","No","No",174,0.44354955820422,2.84370860927152,1.84370860927152,0.00348847046751281,0.00357784845132743,0.00180211486958547,0.000358194209944108,0.203593040434327,0.0903036031380997,-458972.140397351
"48","https://www.facebook.com/Upworthy/posts/1039350839439107",2015-06-29,177362,0,177362,76103,0,76103,776436,0,776436,13591,4947968,1673216,23814,3199,2065,"No","No","No",173,0.228430933135506,2.95716034271726,1.95716034271726,0.00274678413441639,0.00481288480442881,0.00064652802928394,0.000417343038596854,0.156920174099752,0.0358454217973924,-500644.436964504
"49","https://www.facebook.com/Upworthy/posts/1042249112482613",2015-06-29,39477,0,39477,21543,0,21543,276331,0,276331,1588,1754112,953856,8122,485,806,"Yes","No","No",173,0.142861278683897,1.8389694041868,0.838969404186795,0.00090530137186223,0.00463026306187974,0.000276493177174548,0.000459491754232341,0.157533270395505,0.022505404443958,-89918.3687600644
"50","https://www.facebook.com/Upworthy/posts/1040476272659897",2015-06-28,21393,0,21393,9111,0,9111,217867,0,217867,2366,1616896,826880,8429,562,837,"Yes","No","No",172,0.0981929342213369,1.95541795665635,0.955417956656347,0.00146329757758075,0.00521307492875238,0.000347579559848005,0.000517658525965801,0.13474397858613,0.0132309066260291,-132691.435913313
"51","https://www.facebook.com/Upworthy/posts/1040476042659920",2015-06-27,103796,0,103796,9695,0,9695,476493,0,476493,5050,3102720,1160192,20378,2973,2467,"Yes","No","No",171,0.21783321056133,2.67431597528685,1.67431597528685,0.00162760416666667,0.00656778568481848,0.000958191522277228,0.000795108807755776,0.153572671720297,0.0334532281353135,-396752.023830538
"52","https://www.facebook.com/Upworthy/posts/1039702536070604",2015-06-25,122851,0,122851,66516,0,66516,687208,1,687209,15595,3140012,1376256,26379,4303,1840,"Yes","No","No",169,0.178768031268508,2.28156098865327,1.28156098865327,0.00496654152914065,0.00840092330857334,0.00137037692849581,0.000585985021713293,0.218855533036179,0.0391243727730977,-252488.0114252
"53","https://www.facebook.com/Upworthy/posts/1039596429414548",2015-06-25,191950,0,191950,102422,0,102422,827344,0,827344,7078,2933760,1534976,31295,1941,2231,"Yes","No","No",169,0.232007484190373,1.91127418278853,0.911274182788526,0.00241260362129145,0.0106671984075044,0.000661608311518325,0.000760457569808028,0.282008071553229,0.0654279832024433,-116476.853902602
"54","https://www.facebook.com/Upworthy/posts/1038954619478729",2015-06-24,30683,0,30683,18137,0,18137,180790,0,180790,1166,1291264,768512,3848,417,644,"Yes","No","No",168,0.169716245367554,1.68021319120586,0.680213191205863,0.000902991177636796,0.00298002577319588,0.000322939383425852,0.000498736122125297,0.140010098632038,0.0237619882533703,-31605.1479013991
"55","https://www.facebook.com/Upworthy/posts/1038565526184305",2015-06-24,34997,0,34997,35578,0,35578,114127,0,114127,610,1337344,502784,2744,85,365,"Yes","No","No",168,0.306649609645395,2.65987780040733,1.65987780040733,0.000456127967075038,0.00205182810107198,6.35588150842267e-05,0.000272929029479326,0.0853385516366769,0.0261690335470904,-391448.694501018
"56","https://www.facebook.com/Upworthy/posts/1038333039540887",2015-06-23,41176,0,41176,15245,0,15245,92452,0,92452,1171,1319936,805888,2309,368,691,"Yes","No","No",167,0.445377060528707,1.63786531130877,0.637865311308767,0.000887164226144298,0.00174932724010861,0.000278801396431342,0.000523510230799069,0.0700427899534523,0.0311954519006982,-16050.2210927573
"57","https://www.facebook.com/Upworthy/posts/1038030286237829",2015-06-23,79868,4,79872,44592,2,44594,459016,6,459022,8130,2173952,1149952,19190,2339,1391,"Yes","No","No",167,0.174004731799347,1.89047195013357,0.890471950133571,0.00373973298398493,0.00882724181582666,0.00107592071950071,0.000639848533914272,0.211146336257654,0.0367404616109279,-108835.923419412
"58","https://www.facebook.com/Upworthy/posts/1037638306277027",2015-06-22,115106,0,115106,17246,0,17246,244961,0,244961,3277,1224192,666624,4867,929,497,"No","No","No",166,0.46989520780859,1.83640552995392,0.836405529953917,0.00267686768088666,0.00397568355290673,0.000758867890004182,0.000405982068172313,0.200100147689251,0.0940261004809703,-88976.6244239632
"59","https://www.facebook.com/Upworthy/posts/1037645306276327",2015-06-22,399481,0,399481,154096,0,154096,1466829,0,1466829,20218,4435968,1964032,64091,5023,3132,"Yes","No","No",166,0.272343265643098,2.25860271115746,1.25860271115746,0.00455774252654663,0.0144480302833564,0.00113233458852724,0.000706046572022161,0.330667173433172,0.0900549778537627,-244055.137643379
"60","https://www.facebook.com/Upworthy/posts/1035368526504005",2015-06-19,173869,1,173870,110975,1,110976,690936,1,690937,3149,3013632,1780736,18240,1289,1332,"No","Yes","No",163,0.251643782284058,1.69235192639448,0.69235192639448,0.00104491855674482,0.00605249745158002,0.000427723092932382,0.000441991590214067,0.229270528053857,0.0576945028457356,-36063.8631397355
"61","https://www.facebook.com/Upworthy/posts/1035888483118676",2015-06-19,12967,0,12967,4932,0,4932,56971,0,56971,1149,527903,278143,1274,187,192,"Yes","Yes","No",163,0.227607028137122,1.89795536828178,0.897955368281783,0.00217653621972218,0.00241332214440911,0.000354231743331635,0.000363703180319112,0.107919447322709,0.0245632246833225,-111584.680189687
"62","https://www.facebook.com/Upworthy/posts/1035237186517139",2015-06-18,282580,0,282580,152620,0,152620,1073671,0,1073671,14600,5763072,1785856,48805,6590,2391,"Yes","No","No",162,0.263190493177146,3.22706422018349,2.22706422018349,0.0025333710909737,0.00846857370513504,0.00114348736229566,0.000414882895788913,0.186301854288824,0.0490328769100924,-599783.639908257
"63","https://www.facebook.com/Upworthy/posts/1034324169941774",2015-06-17,157159,0,157159,72231,0,72231,740073,0,740073,12561,3054592,1474560,20522,2673,1661,"Yes","No","No",161,0.212356078386862,2.07152777777778,1.07152777777778,0.00411216948122695,0.00671840952899765,0.0008750759512236,0.000543771475863225,0.242282111653537,0.0514500790940329,-175340.082638889
"64","https://www.facebook.com/Upworthy/posts/1034271249947066",2015-06-16,131470,0,131470,31542,0,31542,543536,0,543536,6134,2024448,1308672,11579,1366,1414,"Yes","Yes","No",160,0.241879102764122,1.54694835680751,0.546948356807512,0.00302996174759737,0.00571958380753667,0.000674751833586242,0.000698462000505817,0.268486026808295,0.0649411592690946,17344.7582159625
"65","https://www.facebook.com/Upworthy/posts/1034182469955944",2015-06-16,7697,0,7697,3571,0,3571,30362,0,30362,1045,649472,443392,1272,297,388,"Yes","Yes","No",160,0.253507674066267,1.46478060046189,0.464780600461894,0.00160899931020891,0.00195851399290501,0.000457294540796216,0.00059740835632637,0.046748743594797,0.0118511652542373,47526.0433025404
"66","https://www.facebook.com/Upworthy/posts/1031485436892314",2015-06-11,18485,0,18485,14820,0,14820,30396,0,30396,873,848384,700160,2709,442,675,"Yes","Yes","Yes",155,0.608139228845901,1.21170018281536,0.211700182815356,0.00102901516294508,0.00319312952625226,0.000520990494870247,0.00079563028062764,0.0358281155703078,0.0217884825739288,140485.770749543
"67","https://www.facebook.com/Upworthy/posts/1028061193901405",2015-06-07,17223,0,17223,6617,0,6617,30342,0,30342,974,618240,511744,3180,184,438,"Yes","Yes","Yes",151,0.567629029068618,1.20810405202601,0.208104052026013,0.00157543995859213,0.00514363354037267,0.000297619047619048,0.000708462732919255,0.0490780279503106,0.0278581133540373,141806.676338169
"68","https://www.facebook.com/Upworthy/posts/1027429553964569",2015-06-05,80872,0,80872,70774,0,70774,118575,0,118575,6155,2654208,1146880,15286,767,1050,"Yes","Yes","Yes",149,0.682032468901539,2.31428571428571,1.31428571428571,0.00231895917727623,0.0057591567804784,0.000288975091628086,0.000395598234953704,0.0446743435329861,0.030469352816358,-264508.228571429
"69","https://www.facebook.com/Upworthy/posts/1026824640691727",2015-06-04,45913,0,45913,11826,0,11826,83661,0,83661,6738,1410560,923648,14427,3118,932,"Yes","No","Yes",148,0.548798125769474,1.52716186252772,0.527161862527716,0.00477682622504537,0.0102278527676951,0.00221046960072595,0.000660730490018149,0.059310486615245,0.032549483892922,24612.594789357
"70","https://www.facebook.com/Upworthy/posts/1026634774044047",2015-06-03,24850,0,24850,20242,0,20242,35171,0,35171,431,750848,562944,2365,1269,745,"Yes","No","Yes",147,0.706548008302294,1.33378808549341,0.333788085493406,0.00057401764405046,0.00314977199113536,0.00169008907262189,0.000992211472894647,0.0468417043129901,0.0330959128878282,95641.2969531605
"71","https://www.facebook.com/Upworthy/posts/1026129324094592",2015-06-03,29654,0,29654,10347,0,10347,120398,0,120398,1061,780032,595968,1697,205,198,"Yes","No","No",147,0.246299772421469,1.30884879725086,0.308848797250859,0.00136020060715458,0.00217555177223499,0.000262809730882836,0.000253835740072202,0.15435007794552,0.0380163890712176,104801.821735395
"72","https://www.facebook.com/Upworthy/posts/1025441214163403",2015-06-02,836257,0,836257,490931,0,490931,2634357,2,2634359,65041,9515008,1847296,176364,37045,3518,"No","No","No",146,0.317442307597408,5.15077605321508,4.15077605321508,0.00683562220862032,0.0185353496287129,0.00389332305343306,0.000369731691239776,0.276863561228745,0.0878882077660891,-1306388.00443459
"73","https://www.facebook.com/Upworthy/posts/1024707724236752",2015-06-01,160723,0,160723,116411,0,116411,660875,0,660875,6073,2865152,1879040,21047,1299,363,"Yes","No","No",145,0.243197276338188,1.52479564032698,0.524795640326975,0.00211960831397427,0.00734585809060043,0.000453379087741244,0.000126694848999285,0.230659664827555,0.0560958022471408,25481.7389645776
"74","https://www.facebook.com/Upworthy/posts/1021988807841977",2015-05-29,1283204,0,1283204,452773,0,452773,4059210,0,4059210,76051,14700544,2396160,212378,23200,3205,"Yes","No","No",142,0.316121609869901,6.13504273504274,5.13504273504274,0.00517334596597242,0.0144469483578295,0.00157817288938423,0.000218019142692951,0.276126516134369,0.0872895588081638,-1667921.95213675
"75","https://www.facebook.com/Upworthy/posts/1018104014897123",2015-05-27,560482,0,560482,235542,0,235542,2224271,0,2224271,26690,14381056,2433024,82499,8164,1044,"No","No","No",140,0.251984582813875,5.91077441077441,4.91077441077441,0.00185591377990601,0.00573664409623327,0.000567691273853603,7.25955034178297e-05,0.154666736573448,0.0389736330906437,-1585545.28114478
"76","https://www.facebook.com/Upworthy/posts/1017968584910666",2015-05-22,299548,0,299548,181804,0,181804,1279169,0,1279169,19301,4583424,2045952,61500,4184,568,"Yes","No","No",135,0.234173905089945,2.24024024024024,1.24024024024024,0.00421104397062109,0.0134179163873995,0.000912854669347632,0.00012392482126899,0.27908589735534,0.0653546344392315,-237310.363363363
"77","https://www.facebook.com/Upworthy/posts/1016851695022355",2015-05-20,500287,0,500287,279134,0,279134,1739339,0,1739339,33652,7849984,2205696,96870,11896,1281,"Yes","No","No",133,0.287630530908581,3.55896007428041,2.55896007428041,0.00428688771849726,0.0123401525404383,0.00151541710148709,0.000163185045982259,0.221572298746087,0.0637309579229716,-721693.30176416
"78","https://www.facebook.com/Upworthy/posts/1015767018464156",2015-05-18,162282,0,162282,62634,0,62634,780067,0,780067,15400,3209216,1702912,20108,5690,441,"Yes","No","No",131,0.208035976396899,1.88454600120265,0.884546001202646,0.00479867980216975,0.00626570477026165,0.00177301870612636,0.000137416739789407,0.243070893327218,0.0505674906269943,-106659.245339747
"79","https://www.facebook.com/Upworthy/posts/1014401875267337",2015-05-17,115821,0,115821,71009,0,71009,536158,0,536158,4297,1833472,1500672,12802,1031,271,"Yes","No","No",130,0.216020277604736,1.22176731490959,0.221767314909587,0.00234364091734152,0.00698238096900307,0.000562321104440101,0.000147807002234013,0.292427700013963,0.0631703129363306,136787.982258615
"80","https://www.facebook.com/Upworthy/posts/1014328928607965",2015-05-15,126373,0,126373,51747,0,51747,330924,0,330924,6434,1502720,954368,10552,2471,262,"Yes","No","No",128,0.381879223024018,1.57457081545064,0.574570815450644,0.00428156942078365,0.007021933560477,0.0016443515758092,0.000174350511073254,0.220216673764906,0.084096172274276,7198.67006437774
"81","https://www.facebook.com/Upworthy/posts/1013703458670512",2015-05-14,36914,0,36914,16777,0,16777,195899,0,195899,2549,733952,585984,3131,652,100,"Yes","No","No",127,0.188433835803143,1.2525120139799,0.252512013979904,0.00347297915940007,0.00426594654691315,0.00088834147192187,0.000136248692012557,0.266909825165678,0.0502948421695152,125495.054609
"82","https://www.facebook.com/Upworthy/posts/1013163648724493",2015-05-13,556113,0,556113,335583,0,335583,1566153,0,1566153,12254,6350848,3053568,39581,6327,644,"Yes","No","No",126,0.35508216630176,2.07981220657277,1.07981220657277,0.001929506106901,0.00623239605167688,0.000996244910915834,0.000101403781038375,0.246605335224524,0.0875651566530958,-178383.061032864
"83","https://www.facebook.com/Upworthy/posts/1012693338771524",2015-05-12,847006,9,847015,598263,9,598272,2139601,9,2139610,33095,7698432,2725888,68666,14470,1070,"Yes","No","No",125,0.395873547048294,2.82419233658903,1.82419233658903,0.00429892736598829,0.00891947866786379,0.00187960353484969,0.000138989342245278,0.277928024823756,0.110024353011107,-451803.559729527
"84","https://www.facebook.com/Upworthy/posts/1012066538834204",2015-05-11,107781,0,107781,41842,0,41842,498152,0,498152,2056,1941504,1718272,4148,1688,170,"Yes","No","No",124,0.216361672742456,1.12991656734207,0.129916567342074,0.00105897283755274,0.00213648800105485,0.000869429061181435,8.7560983649789e-05,0.256580465453586,0.055514178698576,170525.955899881
"85","https://www.facebook.com/Upworthy/posts/1010293845678140",2015-05-10,66263,0,66263,29687,0,29687,314263,0,314263,2959,1554432,1296384,7827,740,136,"No","No","No",123,0.210852057035031,1.19905213270142,0.199052132701422,0.00190358922101449,0.00503527976778656,0.000476058135704875,8.74917654808959e-05,0.202172240406785,0.0426284327651515,145131.563981043
"86","https://www.facebook.com/Upworthy/posts/1010240009016857",2015-05-08,477283,0,477283,232066,0,232066,1222127,0,1222127,11375,4720640,2349056,37204,2675,463,"Yes","No","No",121,0.390534698930635,2.00959023539669,1.00959023539669,0.00240963089750542,0.00788113476138829,0.000566660452819957,9.80799213665944e-05,0.258890108120933,0.101105570431128,-152589.618134263
"87","https://www.facebook.com/Upworthy/posts/1009954472378744",2015-05-07,35271,0,35271,25456,0,25456,266317,0,266317,337,1016832,883200,1285,357,71,"Yes","No","No",120,0.132439911834393,1.15130434782609,0.151304347826087,0.000331421513091641,0.00126372891490433,0.000351090445619335,6.98247104733132e-05,0.261908555198892,0.0346871459592145,162669.946086957
"88","https://www.facebook.com/Upworthy/posts/1009277655779759",2015-05-06,178280,0,178280,120403,0,120403,675857,0,675857,6634,2412544,1463296,26318,2031,251,"Yes","No","No",119,0.263783611030144,1.64870538838349,0.648705388383485,0.00274979440789474,0.0109088165853141,0.000841849931027165,0.000104039553268251,0.280142869933149,0.0738970978353141,-20031.922323303
"89","https://www.facebook.com/Upworthy/posts/1008801525827372",2015-05-05,305467,0,305467,104185,0,104185,924507,0,924507,8416,3217408,2222080,32848,2541,790,"Yes","No","No",118,0.330410694564779,1.44792626728111,0.447926267281106,0.00261577021005729,0.0102094605346913,0.000789766172024188,0.000245539266390834,0.287345279181254,0.0949419532741884,53716.8589861752
"90","https://www.facebook.com/Upworthy/posts/1008070269233831",2015-05-04,373001,0,373001,217253,0,217253,1009998,0,1009998,14051,3598336,1860608,24064,9679,442,"Yes","No","No",117,0.369308652096341,1.93395707209686,0.933957072096863,0.00390486046883893,0.00668753557199772,0.00268985442159932,0.000122834554638588,0.280684738723677,0.103659302522055,-124808.574023115
"91","https://www.facebook.com/Upworthy/posts/1006249196082605",2015-05-01,69139,0,69139,22667,0,22667,323485,0,323485,2828,1392640,1130496,5289,629,132,"Yes","No","No",114,0.213731703170162,1.23188405797101,0.231884057971014,0.00203067555147059,0.00379782284007353,0.00045166015625,9.47840073529412e-05,0.232281853170956,0.04964599609375,133071.971014493
"92","https://www.facebook.com/Upworthy/posts/1005051116202413",2015-04-29,542150,13384,555534,330100,7688,337788,1612278,39938,1652216,12071,4747264,2652160,40171,6251,985,"No","No","No",112,0.336235697995904,1.78996138996139,0.78996138996139,0.00254272776908973,0.00846192670135893,0.00131675845286885,0.000207487934102675,0.348035415767903,0.117021930948016,-71917.088030888
"93","https://www.facebook.com/Upworthy/posts/1004525319588326",2015-04-28,137528,0,137528,63733,0,63733,640063,0,640063,9212,2577408,1776640,19911,2087,276,"No","No","No",111,0.214866349093761,1.4507204610951,0.450720461095101,0.00357413339292809,0.00772520299463647,0.000809728223083035,0.000107084326579261,0.248335925084426,0.0533590335717124,52690.5152737752
"94","https://www.facebook.com/Upworthy/posts/1001481909892667",2015-04-23,354616,0,354616,196612,0,196612,1267478,0,1267478,12437,3451904,1681408,43127,4117,439,"No","No","No",106,0.279780793039406,2.05298416565164,1.05298416565164,0.00360293913156333,0.0124936846447642,0.00119267511495105,0.000127176190299614,0.367182285486503,0.102730551023435,-168528.772838002
"95","https://www.facebook.com/Upworthy/posts/1000900266617498",2015-04-22,145927,0,145927,69702,0,69702,543368,0,543368,6975,2399232,1587200,15731,1098,234,"Yes","Yes","No",105,0.268560165486374,1.51161290322581,0.511612903225806,0.00290718029769526,0.00655668147140418,0.000457646446862996,9.75312099871959e-05,0.226475805591122,0.0608223798282117,30323.9296774193
"96","https://www.facebook.com/Upworthy/posts/999519466755578",2015-04-20,59960,0,59960,28092,0,28092,318319,0,318319,1032,1312256,1168384,3334,287,120,"Yes","No","No",103,0.188364502276019,1.12313759859772,0.123137598597721,0.000786431915723761,0.00254066279750293,0.000218707325399922,9.14455715957862e-05,0.242573857539992,0.0456923039406945,173015.959246275
"97","https://www.facebook.com/Upworthy/posts/997889810251877",2015-04-19,38603,0,38603,29214,0,29214,286054,0,286054,560,1106432,1043968,2511,95,99,"Yes","No","No",102,0.134950044397212,1.05983325159392,0.0598332515939186,0.000506131420638593,0.00226945713789912,8.58615802869042e-05,8.9476804720037e-05,0.258537352498843,0.0348896271980565,196268.468857283
"98","https://www.facebook.com/Upworthy/posts/997836110257247",2015-04-17,485336,0,485336,241525,0,241525,1159960,0,1159960,7573,3728384,2807808,13576,3805,413,"Yes","No","No",100,0.418407531294183,1.32786287381473,0.327862873814734,0.00203117490043944,0.00364125583630871,0.00102054938547102,0.000110771851826421,0.31111602238396,0.130173286871739,97817.7042304887
"99","https://www.facebook.com/Upworthy/posts/996604180380440",2015-04-15,983690,0,983690,198589,0,198589,3083168,0,3083168,46026,8908800,3026944,98758,13650,1490,"No","No","No",98,0.319051702664273,2.94316644113667,1.94316644113667,0.00516635237068966,0.0110854436063218,0.00153219288793103,0.000167250359195402,0.34608117816092,0.110417789152299,-495504.294993234
"100","https://www.facebook.com/Upworthy/posts/995842240456634",2015-04-14,205931,0,205931,89660,0,89660,1026263,0,1026263,13377,3448832,2100224,39433,6421,580,"No","No","No",97,0.200661039129346,1.64212579229644,0.642125792296441,0.00387870444254751,0.0114337259686758,0.00186178973055226,0.000168172877078385,0.297568278188094,0.0597103599131532,-17615.1511457825
"101","https://www.facebook.com/Upworthy/posts/995204130520445",2015-04-13,76605,0,76605,40571,0,40571,488691,0,488691,3634,1786368,1403392,8325,751,219,"No","No","No",96,0.156755495804097,1.27289310470631,0.272893104706312,0.002034295285182,0.00466029395958727,0.000420406097735741,0.000122595120378332,0.273566812661221,0.0428831013542562,118008.815031011
"102","https://www.facebook.com/Upworthy/posts/993401600700698",2015-04-12,164867,0,164867,73921,0,73921,754948,0,754948,4753,2640896,2088960,12840,3036,236,"No","No","No",95,0.21838192829175,1.26421568627451,0.26421568627451,0.00179976795754168,0.0048619862349748,0.00114960982939124,8.9363609926328e-05,0.285868129604498,0.0624284333801861,121196.143627451
"103","https://www.facebook.com/Upworthy/posts/993581100682748",2015-04-10,32257,0,32257,15689,0,15689,278162,0,278162,660,1182720,1100800,2269,697,236,"No","No","No",93,0.115964797492109,1.07441860465116,0.0744186046511628,0.000558035714285714,0.00191845914502165,0.000589319534632035,0.000199540043290043,0.235188379329004,0.0272735727813853,190911.079069767
"104","https://www.facebook.com/Upworthy/posts/990733177634207",2015-04-06,230429,0,230429,144855,0,144855,1061766,0,1061766,4419,2926592,2381824,22836,2385,400,"No","No","No",89,0.217024278419162,1.22871883061049,0.22871883061049,0.00150994740640308,0.00780293255773268,0.000814941064555633,0.000136677746675997,0.362799460942967,0.0787362912220084,134234.600171969
"105","https://www.facebook.com/Upworthy/posts/989018617805663",2015-04-03,86135,0,86135,60794,0,60794,413259,0,413259,4232,1550848,1203712,6673,1838,178,"No","No","No",86,0.208428612565002,1.28838792003403,0.288387920034028,0.0027288296467481,0.0043028072383625,0.00118515805546385,0.000114775916143942,0.266472923200726,0.0555405816688676,112317.367928541
"106","https://www.facebook.com/Upworthy/posts/987908001250058",2015-04-01,224476,0,224476,132614,0,132614,725845,0,725845,4629,2590720,2112512,23234,2647,265,"No","No","No",84,0.309261619216224,1.22636936500242,0.226369365002424,0.0017867619812253,0.00896816329051383,0.00102172369071146,0.000102288166996047,0.280171149333004,0.0866461833003953,135097.589432865
"107","https://www.facebook.com/Upworthy/posts/984615691579289",2015-03-27,41175,0,41175,20776,0,20776,236723,0,236723,347,910592,877312,1905,683,80,"No","Yes","No",79,0.173937471221639,1.03793405310767,0.0379340531076744,0.000381070775934777,0.0020920456142817,0.000750061498453753,8.78549339330897e-05,0.259966044068035,0.0452178363086871,204312.329150861
"108","https://www.facebook.com/Upworthy/posts/984433308264194",2015-03-27,433033,0,433033,286335,0,286335,1147434,0,1147434,6961,3832832,2754560,28893,7880,450,"No","No","No",79,0.377392512336222,1.39144981412639,0.391449814126394,0.00181615056438686,0.00753829022508683,0.00205592105263158,0.000117406659096981,0.299369761053967,0.112979906241651,74461.3944237918
"109","https://www.facebook.com/Upworthy/posts/983201095054082",2015-03-25,283256,101,283357,157057,80,157137,1059346,143,1059489,14998,3844096,2210816,42019,2823,589,"No","No","No",77,0.267446854096645,1.73876794812413,0.738767948124131,0.00390156749467235,0.0109307884090304,0.000734372918886521,0.000153221979888119,0.275614604838173,0.0737122590070591,-53113.0713293191
"110","https://www.facebook.com/Upworthy/posts/980397028667822",2015-03-21,153302,0,153302,154967,0,154967,662856,0,662856,758,2115584,1959936,6412,715,179,"No","No","No",73,0.231274967715462,1.07941483803553,0.0794148380355277,0.000358293501936108,0.00303084160212972,0.000337968144966118,8.46102069215876e-05,0.313320577202323,0.0724632063770571,189075.897596656
"111","https://www.facebook.com/Upworthy/posts/980412688666256",2015-03-20,61282,0,61282,31284,0,31284,323951,0,323951,403,1184768,1101312,1970,833,139,"No","No","No",72,0.189170584440239,1.07577870757787,0.0757787075778708,0.000340150983146067,0.0016627727960242,0.000703091238115817,0.000117322547536733,0.273429903576059,0.0517248946629214,190411.495583449
"112","https://www.facebook.com/Upworthy/posts/974652472575611",2015-03-11,135635,0,135635,84390,0,84390,646685,0,646685,2957,2156544,1869824,8378,1874,301,"No","No","No",63,0.209738899154921,1.15334063526835,0.153340635268346,0.00137117536206078,0.00388491957502374,0.000868982965337132,0.000139575172127255,0.299870997299383,0.0628946128620608,161921.991237678
"113","https://www.facebook.com/Upworthy/posts/973431412697717",2015-03-09,295674,0,295674,159599,0,159599,1208600,0,1208600,13310,4474880,2279424,58443,3750,974,"No","No","No",61,0.244641734237961,1.96316262353998,0.963162623539982,0.00297438143592677,0.0130602384868421,0.000838011298627002,0.000217659467963387,0.270085454805492,0.0660741740560641,-135536.152740341
"116","https://www.facebook.com/Upworthy/posts/965235740183951",2015-02-25,198776,0,198776,128199,0,128199,701107,0,701107,2809,2757632,2049024,22033,954,293,"No","No","No",49,0.283517351845011,1.34582708645677,0.345827086456772,0.00101862757612328,0.00798982605365763,0.000345948988117341,0.000106250580207947,0.25424240797902,0.0720821342369105,91219.2153923039
"117","https://www.facebook.com/Upworthy/posts/960720717302120",2015-02-22,36816,0,36816,21764,0,21764,285516,0,285516,554,1142784,1087488,1806,349,141,"No","No","No",46,0.128945488168789,1.05084745762712,0.0508474576271186,0.000484781025985663,0.00158035114247312,0.000305394545250896,0.000123382896505376,0.249842489919355,0.032216061827957,199569.06779661
"118","https://www.facebook.com/Upworthy/posts/961613427212849",2015-02-22,138787,0,138787,104430,0,104430,643374,0,643374,1413,2095104,1906688,8633,937,320,"No","No","No",46,0.215717452057435,1.09881847475832,0.0988184747583244,0.0006744295271261,0.00412055917033236,0.000447233168377322,0.000152737047898338,0.307084517045455,0.0662434895833333,181948.689581096
"119","https://www.facebook.com/Upworthy/posts/960777160629809",2015-02-19,158818,0,158818,71696,0,71696,685691,0,685691,3973,2562048,2110464,16535,2006,524,"Yes","No","No",43,0.231617448675861,1.21397379912664,0.213973799126638,0.00155071255495604,0.00645382131794564,0.000782967376099121,0.000204523880895284,0.267633939723221,0.0619886902977618,139650.641921397
"120","https://www.facebook.com/Upworthy/posts/956093464431512",2015-02-14,395454,3,395457,211344,3,211347,1624860,7,1624867,26159,5863424,2404352,99999,15445,2520,"No","Yes","No",38,0.243378073405393,2.43867120954003,1.43867120954003,0.00446138638447433,0.0170547106946385,0.002634126408051,0.000429783007334963,0.277119137214024,0.0674447217189137,-310196.637989778
"121","https://www.facebook.com/Upworthy/posts/954038854636973",2015-02-10,177211,0,177211,106777,0,106777,650102,0,650102,5141,2518016,1689600,14795,3647,408,"No","No","No",34,0.272589532104193,1.49030303030303,0.49030303030303,0.00204168678832859,0.0058756576606344,0.00144836252033347,0.000162032330215535,0.258180249847499,0.0703772335044734,38151.3230303031
"122","https://www.facebook.com/Upworthy/posts/953510561356469",2015-02-09,372100,0,372100,303811,0,303811,919631,0,919631,3978,2744320,2116608,14054,4108,476,"No","No","No",33,0.40461880906581,1.29656507014998,0.296565070149976,0.00144953941231343,0.0051211229011194,0.00149690998134328,0.000173449160447761,0.335103413596082,0.135589144123134,109313.794388002
"123","https://www.facebook.com/Upworthy/posts/951384848235707",2015-02-06,732816,55,732871,364367,38,364405,2102886,78,2102964,38571,7946240,3006464,97921,8347,3430,"No","No","No",30,0.348494315642113,2.64305177111717,1.64305177111717,0.00485399383859536,0.0123229351240335,0.00105043391591495,0.000431650692654639,0.264648940882732,0.0922286515383376,-385268.27520436
"124","https://www.facebook.com/Upworthy/posts/950699214970937",2015-02-05,320269,1,320270,228520,0,228520,1321945,1,1321946,11553,4749312,2603008,33659,6856,997,"No","No","No",29,0.242271620777248,1.82454760031471,0.824547600314713,0.00243256286384217,0.00708713177824493,0.00144357751185856,0.000209925142841742,0.278344737090341,0.0674350305896938,-84621.052714398
"125","https://www.facebook.com/Upworthy/posts/949682575072601",2015-02-03,58388,0,58388,7514,0,7514,405624,0,405624,2733,1798656,1432064,6863,1072,249,"No","No","No",27,0.143946117586731,1.25598855917054,0.25598855917054,0.00151946786934244,0.00381562677910618,0.000596000569313977,0.00013843669940222,0.225515051238258,0.0324620160831198,124218.074365392
"126","https://www.facebook.com/Upworthy/posts/947209858653206",2015-02-01,49666,0,49666,22167,0,22167,310757,0,310757,753,1395712,1308672,2532,612,183,"No","No","No",25,0.159822626682585,1.06651017214397,0.066510172143975,0.000539509583639032,0.0018141278429934,0.00043848587674248,0.000131115874908291,0.222651234638665,0.0355847051540719,193815.94913928
"127","https://www.facebook.com/Upworthy/posts/946602228713969",2015-01-29,60240,0,60240,14728,0,14728,331382,0,331382,409,1188864,1133056,2193,337,199,"No","No","No",22,0.181784164498977,1.049254405784,0.0492544057840036,0.000344025893626184,0.00184461805555556,0.000283463878122308,0.000167386681739879,0.278738358634798,0.0506702196382429,200154.21644826
"128","https://www.facebook.com/Upworthy/posts/946578362049689",2015-01-29,50164,0,50164,21777,0,21777,311699,0,311699,2399,1525760,1302016,7086,804,274,"No","No","No",22,0.160937314524589,1.17184427841133,0.171844278411325,0.00157233116610738,0.00464424286912752,0.000526950503355705,0.000179582634228188,0.204290976300336,0.0328780411073826,155125.362563901
"129","https://www.facebook.com/Upworthy/posts/937768546264004",2015-01-19,38642,0,38642,21368,0,21368,280475,3,280478,913,1290752,1203712,4320,225,172,"No","No","No",12,0.137771946462824,1.07230965546576,0.0723096554657593,0.000707339597381991,0.00334688615628719,0.000174316987306624,0.000133255652518842,0.217298133181277,0.0299375867711226,191685.723521906
"130","https://www.facebook.com/Upworthy/posts/937079316332927",2015-01-15,370142,0,370142,299227,0,299227,1301015,0,1301015,6547,3930112,2116608,35514,4793,826,"No","No","No",8,0.284502484598563,1.85679729075955,0.856797290759555,0.00166585583311621,0.00903638369593538,0.00121955811946326,0.000210172127410109,0.331037639639786,0.0941810309731631,-96466.7832607644
"131","https://www.facebook.com/Upworthy/posts/936079183099607",2015-01-14,275910,247,276157,102527,59,102586,1187418,343,1187761,9124,3845120,2601984,30661,10054,1346,"No","No","No",7,0.23250216163016,1.47776465958284,0.477764659582841,0.00237287782956059,0.00797400341211718,0.00261474284287617,0.000350054094540613,0.30890089255992,0.0718201252496671,42756.8295946478
"132","https://www.facebook.com/Upworthy/posts/932299396810919",2015-01-07,92096,0,92096,45456,0,45456,492232,0,492232,1427,1791488,1638912,4960,447,256,"No","No","No",0,0.187098766435339,1.0930959075289,0.0930959075288972,0.000796544548442412,0.00276864818519577,0.000249513253786796,0.000142897970848814,0.274761539011146,0.0514075450128608,184050.662917838
